,yyyymm,1.0,2.0,3.0,4.0,5.0,6.0,7.0,8.0,9.0,10.0,l-s
1,199503,-0.25836147834413997,-0.052875184495743105,-0.91460039695966,0.9892450366579477,1.6604128597554084,1.5062826123573803,-0.6861386676145824,0.44889101930791686,-0.4718670193367046,0.04315911410656614,0.051520592450706115
2,199504,-0.7943052840036021,-2.6794692313662556,0.4907211585539577,1.8931833876194006,0.7925763313619945,-0.31609318603486214,-0.9565133507022912,-0.26588973436384566,2.088590950344333,1.130877097099939,1.655182381103541
3,199505,0.62614630877514,1.0011822877032124,0.094708197300852,1.0531305061967315,1.2570908070945297,1.545520643802404,0.428668346369717,2.1784982675436524,0.8957947581413734,1.5369863600147604,0.6208400512396204
4,199506,-4.5168817107638155,-1.9094537088244772,-1.7880288722574156,-2.078172965899422,-4.419746965719867,-3.1871812090457614,-2.761844298964304,-2.9641365490980176,-2.5766193949492124,-1.5583820738951113,2.6884996368687037
5,199507,-0.349266990631677,-0.6588523140988473,-2.225299949816533,-0.9939290827299871,-2.709095303618478,-1.8031724299837113,-2.7635914078268167,-2.5569864846279025,-2.6017917134994004,-2.194151840828702,-2.134884850197025
6,199508,-2.1860443822527094,-2.643143534610826,-3.618945641193727,0.005863888275163542,-3.5490078711809856,0.12264985541739204,-1.680552147168549,-0.41498823242817534,0.2566809517240725,-1.1182299662597792,0.7678144159929301
7,199509,-3.057688886738399,1.0319763848383912,2.2239054104977587,0.4749339774504491,1.4065711713668028,1.9389692761124906,3.0434078599464245,2.226817702257496,2.206454986692899,0.04599462237642832,2.843683509114827
8,199510,-2.594156399379736,1.6131295418770135,2.6621112989098834,1.6201593432339132,1.5664722530998962,4.998035900895185,3.616309487978104,2.427899774745866,1.4364250008713033,4.090346642213023,6.374503041592758
9,199511,-1.1861708388434815,-2.5289017900148636,1.7317339810494907,-1.5710343782771645,-0.6042801885779502,0.038293966448846306,1.279814431456886,1.4437780620082143,1.1680727353851055,0.48248771155750686,1.3786585504009885
10,199512,-2.133859013642463,-2.9102669142310402,-1.7900122855730425,-0.6214962931243616,-0.5908912669401067,3.4704832233461396,0.4885578654867977,0.6902342743819609,1.7348143613824176,-0.48307573963321965,1.3907832740092432
11,199602,-5.809594786326006,-0.5600941425481194,-2.740819546208025,0.9249744547013421,-1.3060135393064567,-1.319308074668515,-1.9028958286536382,-0.3816310310940672,-0.6888948403356413,1.99278699966496,7.502381785990966
12,199603,-2.4695527862057713,-0.17891563539151428,-2.64306137841791,-2.2170023222761506,-1.009755494967154,0.3555893948115724,0.32732076412892036,-0.2856485750927569,-1.5983205339708704,0.371808089452869,2.5413608756586408
13,199604,-3.313189105331829,-0.2681907964553796,-3.878316766348278,-3.599129531655997,-3.9913011423368863,-1.698896077653627,-2.1586137158381824,-4.3766352392010734,-1.797581010626007,-3.55442354407191,-0.5212344387400811
14,199605,-0.6661581115277608,0.40350091631490015,-0.0071159969640908205,-0.6660062265994341,-2.338458017465256,-1.2791406888292114,-1.1141175198561526,-1.839923833445201,0.5476357906183205,-0.9814006799125574,-0.5952425683847966
15,199606,1.392473903630994,0.469313719355583,2.3013518787178544,1.3264679177459093,2.8111996514652744,2.010562919726179,3.5489367258346354,2.4105262228641657,1.8217125603114623,3.5525392011031727,1.8700652974721788
16,199607,-0.8839482293844749,2.5466015014341177,5.26864582077818,2.86479416961678,6.050659044618401,3.1687808100842765,4.465925111674673,1.5850894307407202,3.0185769462514407,1.948168752060913,2.542116981445388
17,199608,-2.540887338173775,-2.795673568233598,-1.6558253087272226,-1.3596589716503165,-2.936986595619736,-3.06730539714414,-1.357105231374838,-3.4788528023916543,-2.7713053616047345,-2.244152216685396,-0.013264878511621114
18,199609,0.7665992664520507,2.141148379108648,1.9938302730627335,-0.46970612265525535,1.08987395604243,-0.9119110043484207,1.4806492924761636,0.10955612100517309,1.0849702958865868,-2.0243531614323755,-3.070952427884426
19,199610,-2.234957790213118,1.9648467117142416,4.05791120428722,5.481395173659448,1.015177053494331,3.9189665796618494,3.98285869741298,3.1585314000457396,1.700122702062947,5.059290278518211,6.99424806873133
20,199611,2.3523335104200633,3.322127746803244,3.971973295606024,1.8563312076955967,1.7673192826730686,1.9591226721621724,0.7438944803181092,0.21770638160760514,3.424841346840172,0.5021011047721075,-2.2102324056479556
21,199612,-4.295833818089452,-3.739820080851422,-1.3859112391631914,-3.668743467648147,-2.46044994027686,-0.36949307184342267,-2.554816538327335,-0.8065053541380269,0.28733851514822223,-0.34242585523515373,3.6434079628542984
22,199702,0.5484100012569049,0.08954709621034201,2.392319310789222,1.2087862880477578,3.505016854826269,0.826059686878678,2.5388484298101766,2.549289108864914,2.162530439445302,2.9508271481820336,2.0924171469251287
23,199703,-1.7792198460808417,0.000539241420483616,0.41670958533276414,0.4410170665557335,0.42349637130353124,0.48818014763410555,0.2456900363618134,0.6214132054198762,2.608499473304912,0.7311527230433194,2.1603725691241613
24,199704,3.1153440451401138,4.367154977773198,4.278365085059192,3.431748005529063,5.304373676510971,2.921367851413354,8.45047449881108,6.741892929942692,1.7691047853057085,1.781670637380171,-1.6436734077599429
25,199705,-1.4972593469566695,-9.129945145001694,-6.43738029783723,-7.8822915082232194,-3.7373158152430848,-3.287021051500581,-3.228244611128808,-3.9849282774917847,-1.4633083429699518,-4.949239496345637,-3.7819801493889678
26,199706,-1.686750986744522,-0.715030796359804,-1.9457585661910042,-0.8371461169216725,-1.5034000817556188,-3.996418094064669,-0.030752299693508678,-4.364090237709301,-2.705711525220926,-3.3578817096882885,-1.9811307229437665
27,199707,1.85867291112648,0.2750416935964503,2.471160311775166,2.525367552068365,3.4947201747128713,0.9154933259002527,0.8877228201277216,1.7657298420934864,0.46973821404561095,0.5372808171638452,-1.631392093962635
28,199708,-7.658767637974278,-5.522821619431293,-8.24720522434996,-5.9510256385793605,-3.202697324750736,-4.228359014057458,-3.0171202303911815,-3.0510777873007813,-2.4356133933691213,-1.2874889881929683,6.02127864978131
29,199709,-1.2361911471407412,-0.7227268999733556,-1.359223957401916,-2.034884709792562,-2.024910786808053,-1.389666432260826,-1.9819065784333185,-1.5760103411768602,-2.1728107333828346,-1.219636319702738,-0.31344517256199683
30,199710,0.3782273440067835,-0.8444154068431288,-0.3496598455874659,-0.325975195895092,0.3611407509292913,-0.6359697775105537,-0.15945179999509917,1.016861405079696,0.11519628718871167,1.3144208332825276,0.5561934892757442
31,199711,1.281326818285787,1.9020835514374448,1.3129230636720357,3.3724842191088955,3.1635399837837643,4.807562033748054,3.240878899826559,1.2821908836662863,3.8002572273284234,3.9440405742752778,2.3127137559894906
32,199712,0.8180819116352426,1.031871801126933,0.5535542615177976,-0.40090272896475376,-1.8090294643600338,0.7832064925113372,1.3185672936340342,1.2538099690352689,-0.05092905559376287,1.8356291379375786,0.637547226302336
33,199802,-3.7658945854059644,-2.639925575299818,0.4341747079599633,-1.1098067451061508,0.3026138753808851,-0.7719610577226959,-1.6506089343204695,-0.0005590471122797758,-1.0800897784028853,1.6460701187036406,5.071964704109606
34,199803,-0.29229622177633996,0.7382612882509041,-0.463476679516266,0.39277959933049394,-0.9921854370166665,1.2752390858717733,2.1497479943827327,-0.5264605356015344,-0.46868240102697584,2.559700664086983,2.441996885863323
35,199804,-0.9614362613607715,-1.5360262712577466,0.1974667404383741,-0.685614085516398,-2.184955135391105,0.9100719902038047,0.8122277338556384,1.881971877987017,-3.208395486792535,-0.2586804405281636,0.3227558208326079
36,199805,0.5158027080551687,3.897897124567782,0.44311924215754395,1.80449105047683,1.99533291938882,1.5290163379546011,2.1107780716105498,2.936959906876092,4.048089849720436,2.853446646308698,1.9876439382535294
37,199806,3.4387798517461228,1.9914382490631939,4.179012372860377,0.21402784850061568,4.13901041625962,1.4102648891995786,-0.8081423684079855,1.142658755044917,3.09916686688312,-0.27517671994157167,-4.123956571687694
38,199807,1.5765824618806428,4.097927257101302,3.7063454368805053,0.29370095732888457,6.151503981618834,4.9610704783207025,8.160788509005043,3.5482987149390075,1.3167033445814824,2.5969100529581723,0.6203275910775295
39,199808,2.365625944361685,6.832621142567587,2.1585073584558145,1.9471016861094832,9.145599018783678,4.562138839571319,3.083450336989032,4.815272546051712,4.300131507517582,1.0143757268129556,-1.8012502175487295
40,199809,-1.9216356445774818,-0.22532075255254225,-0.7857550709529367,-3.1946641330048577,1.2365956184483173,-0.5257504242546684,3.2215270597590053,1.4099068369387275,2.6374130061361933,-2.4441482519372673,-0.9225126073597857
41,199810,-2.421662817329191,-0.19697174873843093,-0.16254953766295743,0.3718392500399246,1.0416672701345102,4.994902262307715,-1.5733758924999464,4.370106057004468,2.318767952223221,6.732048075513364,8.753710892842555
42,199811,-2.3738556835307563,-0.10057081458548617,0.7670329030109682,0.17191940257008959,-0.4561571074721601,0.9938022653347596,-0.1567543841962331,0.943900509003998,1.0261148344735558,-0.7568440102432427,1.1870116732875136
43,199812,0.45458736136762756,2.6579773991211204,-2.1866669270631656,-1.8383664426989736,1.3233195449584518,4.567222731468479,1.0251521003987603,4.972977302430102,-0.9804022388730984,-0.40860807408689226,-1.2231954354545198
44,199902,6.506045884062985,3.5937323336303133,2.7493735381420037,3.5170924101138197,1.0377191543478106,6.6469350243635645,1.8547954418990202,-1.028008305374522,-0.06230561329456569,2.551249750174246,-4.344796133888738
45,199903,1.7002568048871665,1.3355800526927717,3.9686073968832827,4.245318708126796,3.490797929610539,-0.12168202603672174,12.372143718785022,0.6927112025663373,1.4435423151066245,3.1546460578279354,1.1343892529407686
46,199904,-8.92874958014632,-4.772412249229265,-5.396466758368608,-4.501247701345074,-0.7524419736524492,-2.9468488549453573,-7.649562385836244,0.42518180814202605,-2.264007378146763,-1.1222531481999245,7.476496431946395
47,199905,-1.7232614691719252,-5.483413877749728,-5.2700071561515305,-8.997831078744943,-3.921893618045627,-5.612715177198604,-1.1728548194806958,-2.357009399806785,0.3784102691830856,-2.3724275794691096,-0.9191661102971844
48,199906,-5.370022388970868,-4.6381559223200455,-2.715522341423041,-2.5604251315244984,1.7513515904100614,-0.7692490911706538,1.0056707574677788,-0.14545407065089264,-1.3564764084977385,-4.229572359635678,0.8304500293351902
49,199907,0.8518575870401648,-2.395822502327213,-2.672475427520747,-1.2984578096312582,-1.1569183896725674,-0.5584997763642634,-3.6622374788198826,-0.13871252894221356,-0.2149489816557012,-2.1181987116315755,-3.2800562986717403
50,199908,2.646517066482852,1.6299132432346182,-0.43834090077080023,1.2807225401728417,-0.8177589595686876,4.278455211363514,8.341546273443193,1.0593341454695169,0.5126814828741342,4.756607701379898,1.7900906348970465
51,199909,-1.6459364167506227,-3.258352849479867,-3.1870249217725535,-4.071458763319929,-2.291388581679536,-2.740557015731471,1.0466299120555846,-1.2918926965499395,-0.4068155828348054,0.5662423761080594,1.822178792858682
52,199910,2.9369661257180315,4.483564318927477,5.364260616858173,6.9511010020990405,5.08874811129934,8.333613197151996,7.020379263194098,7.002095320123621,4.35954671983736,1.834726321683723,-1.4622398040343083
53,199911,-7.1129755367944325,-5.54534926049476,-5.362502528353406,-0.033409050849086463,-3.509286675206176,-3.772916587430799,-2.796994811389195,1.3540948004055378,-2.609277743105986,0.5749629182094689,7.357938455003901
54,199912,-3.432132876858181,1.4701136253376155,1.9435608673849463,-3.645742947378238,0.41452266339062716,-3.7376463461660836,10.071317361813556,0.885022775186887,-2.272278917175957,-5.035465265346345,-2.0033323884881638
55,200002,-7.064800659236317,-14.294229898268497,-6.8626591413417275,-1.0570136759634106,-2.377762170181457,-12.72192281915367,-4.535150347567068,-4.420752881995605,-3.9271945216743562,-1.1555116100898326,5.519289049146486
56,200003,5.573937304738274,2.611634104635407,1.9504079834536996,1.9031898737413635,4.296778202299921,12.825150562256722,5.767219339717322,3.017466668606873,6.608697125413838,6.872450585654004,0.9185132809157305
57,200004,-0.5723882725093424,4.492823638795519,-5.46117484401209,1.528357245459088,4.777096186224789,2.147301128458387,6.624960276928735,-0.20503891294297866,2.8781237570339795,3.6159267796112444,3.758315052120587
58,200005,0.045071411853301935,0.6278681518873621,5.932911057317193,-1.4168377959632474,0.8088681652788599,6.083360439290902,4.8125027843704675,6.358776675839166,5.457112447490796,7.844503275823487,7.349431863970185
59,200006,-9.140553341060945,-13.512405205445724,-12.373668221913798,-15.257173740198132,-8.494512605117878,-7.391435656078301,-4.7198435094517714,-12.485915517057053,-6.341186565332625,-3.5505303461524913,5.160022994908455
60,200007,2.4386833839072732,-1.1361668689235291,-4.33242143890212,0.7487125129935899,1.4173615860809283,3.8557951193321567,-0.2622101996169238,0.9050321082491499,3.417570048192335,2.649743590581148,-0.2689397933261253
61,200008,-0.22964742774245359,0.5132539714864905,-1.352099047647734,-4.622062718355455,-2.6957532055775815,1.5673373157996906,-4.125967312872374,3.7820601177560826,-0.42598507203007147,-0.09667235049283168,-0.28702492275037805
62,200009,2.8702068593071632,-6.922356272525553,0.08803051348167307,0.5002803487280361,1.4940039006106207,2.8383275862001294,3.8931659474510467,1.8216521207567966,-0.011076972268119656,2.5066407896650134,-0.7935660696421498
63,200010,0.9187519813311955,3.8446939751184135,10.305505811835927,3.035922608674399,3.6231973635316908,9.622150262996545,7.073120024432876,5.563283890730141,2.6157436987938127,4.353269344578314,2.994517363247119
64,200011,5.411772035292736,9.948606584715487,5.375829324222112,1.204617875497839,12.337038322279374,2.4260886146761065,1.4062436890943786,2.0579025708572996,0.6672077379428989,7.74129437447475,1.909522339182014
65,200012,-3.4468014945398475,-9.55650893351039,3.7399514491708845,1.1206619820963761,-3.8176334345682865,-1.4443194318640142,-1.5359121638687192,-5.232420210069649,-1.0430599859716232,3.937933689945981,6.954735184485829
66,200102,-1.5585971589795378,-1.7729354129613852,2.662117187930595,3.6963063276182266,3.1865872379370908,9.757334846731126,3.7170470600258447,4.735588243128057,4.832732498454211,8.051992088133714,9.080589247113252
67,200103,0.2993248765431658,2.812787366537373,5.587197051479293,0.5473572582142823,-1.5684351328777109,1.275051084121804,5.0781363400286414,2.388982158633543,1.312864334977716,0.16073232200247228,-0.5985925545406936
68,200104,2.9607300650378368,-3.539405074043483,0.17906353513175338,-5.880720894375326,-3.7655092107359014,-0.5693177417286089,-3.923027068504767,-4.561596715796272,-1.7850609924310927,-0.20215817007837633,-3.622888235116213
69,200105,-10.856021519116064,-4.49971916026023,-3.739511206626263,-2.408151961823274,-3.4695085489751234,-1.266858090443833,-1.1863961894736161,-1.4004215374518274,-2.255491798249229,-0.6417523030160093,9.684269216100056
70,200106,-4.626506301606746,-7.9450215831707744,-5.260745219577101,-6.903673902382264,-4.717760535586907,-6.982559404495252,-3.498989794223013,-5.359828426593468,-6.436598165864433,-4.914416596266507,-0.7679102946597616
71,200107,-0.9308848093977914,1.808656394589604,1.6177089979036439,4.246792300917013,3.283564307413603,2.8583686210970454,4.049879932319147,3.1039417352927874,8.970805419032594,2.5009080422068584,2.92179285160465
72,200108,-5.3188138879518645,-6.196860141375386,-1.8679424584219744,-0.06987226142664105,0.29476235871236267,-1.5771924926391683,-2.653263779931631,-1.4621655093031358,0.818835670746324,2.091117591588784,6.879931479540648
73,200109,0.8779381417424938,0.6987448834351535,6.602583087836914,4.891409069853308,7.631067100200051,4.028772946095725,5.583041141383596,11.619890679518296,7.870886098393861,6.291658577488786,4.913720435746292
74,200110,-8.90102239694793,-4.647126443140516,-8.082814803710663,-5.530174325793791,-0.2007627840710982,-3.2813282918919597,-6.725796620233104,-5.608988880628241,-6.558186273326359,-3.226031769250089,5.054990627697841
75,200111,-2.1417661072415894,-1.4711559633502205,-0.8178200731433475,-5.480235451376327,-0.9717299988760126,-1.8749903997310775,-5.025322446536443,-1.3406353415194465,-3.9654238905252415,-0.0789448995861276,1.462821207655462
76,200112,-5.559213035859969,-6.813398696770276,-8.91311099556447,-3.5759815072265386,-2.901280997596739,-2.2118295944882567,-3.176279015107051,-2.3090441276639657,-5.344804482968836,-4.183139211094284,0.856073824765684
77,200202,4.764981019430227,2.845775489254984,1.6518094606732148,-0.13234340749075257,0.05100594618979737,4.634455750673034,2.32738557669724,2.456531442893681,3.062097251364468,0.9115130237665093,-4.493467995663717
78,200203,-5.979841441923427,-6.86512597659235,-1.9670561346158646,-2.981431224229626,-3.075467366521433,-5.598432339316284,-5.314948577706575,-6.3042950046702,-3.4043313440803935,-3.3437120489745418,2.0361293929488857
79,200204,-3.1209567387472115,-5.044053262834269,-2.014597827360359,-4.243525761435877,-1.4554073253334674,-2.6291492571626427,-1.205200210113627,-4.136233381406782,-6.01756632360769,-10.400504549520406,-7.899547810773195
80,200205,1.8658132154229463,2.2710588749212755,0.048153433831690795,3.343447764303026,3.0417053301418164,2.644549661059972,1.3407006341827143,6.008010136090356,4.357513017435521,4.559232346649182,2.1234191312262363
81,200206,-3.2549807353045344,-3.0142124548873857,-3.75259632944193,-0.9741472192375867,-2.228642075997441,-0.9744247163482214,0.09446447559624715,-2.9567559149638725,-4.573595452044106,-4.584459203860743,-1.8294784685562089
82,200207,5.496459268199705,4.8467401071420095,1.913125729561339,2.8052162665872924,1.5151373399691386,0.8179825358195263,3.9775434247135513,10.658721097026108,6.088373169664429,7.524432083201533,1.4979728150018279
83,200208,-3.057042571561588,-0.750098935108947,0.5202894015355409,5.737106429681727,0.46428237341994005,1.4472423461965613,1.0282534199863256,-0.2259793742397514,-0.721163277824476,-0.5300982255181811,1.9469443460434066
84,200209,0.2886816578561565,-0.5835521976036372,-0.9865567568838225,-0.9063777401336662,-3.7951563159953308,-3.5473478833786314,-2.5770546054777523,-3.8083287681743547,-0.7476371366553558,-3.0107059020152676,-3.819387559871424
85,200210,-1.626914356592706,0.4548778395647002,0.8216345731731873,4.821035929634257,4.964196897331028,3.082817783223394,2.513464472147107,4.58350817695341,3.402184401011314,3.6231895017982554,4.720103858390961
86,200211,-16.19635470924743,-6.580094111711516,-5.204271504252298,-3.9840223796086227,-7.111525864013795,-2.410140403716665,-2.7165448877163163,-3.2299026606297874,-1.0728201930942045,-2.924243330990248,12.732111378257184
87,200212,-0.5871532804292636,-1.0169168098561816,-2.6106366927250115,-3.6594454798038893,-0.7864565437942486,-1.314131555440027,0.06643632478628908,-0.34309868512078734,1.4192994603316884,1.3273200350235634,1.454473315452827
88,200302,1.8109690128574485,3.272923210301892,-0.6173873512715355,-0.41482265172096866,0.030790739090449104,4.232938738590844,1.0865703257340769,-2.1629292406887695,1.4546717565955927,-1.3672075446578473,-3.638176557515296
89,200303,-0.9969339760805056,3.5626077300620085,-1.1029906012578112,-0.5112714345047348,0.31657193108733633,-0.09267052573088375,0.039668572273201974,0.8792573710359948,-2.2447939812427697,0.8587569668042638,1.4356909428847695
90,200304,-2.259941656597048,-2.8350960912922405,-3.2755724637537016,0.4891899863156163,-0.6660680755890216,-1.2685497567836237,-5.003745707746904,0.17008841304581723,-3.4355900963994466,1.026347518940105,2.906289175537153
91,200305,-7.028953320486704,-5.002936851433051,-3.6641965576619295,-3.167648272949383,-5.758480050328674,-4.0761777796123315,-4.385674528330206,-2.0706477612265797,-4.393169001057559,-3.1421269338304003,3.556826386656304
92,200306,-1.875034800566944,-2.74293476498288,-2.9868581260372635,-2.6085679639988952,-1.3589653890169633,-1.115330462099127,-1.958431724176923,-3.4327300181373572,-2.424049508808254,2.8356519346397517,4.410686735206696
93,200307,-2.0247665151343455,-2.0287040179820566,-3.024089023660263,-1.868344994260014,-6.575933700146925,-2.8674000053509836,1.1052150648171446,-2.389922094330612,-4.015801258065184,-6.61905337611499,-4.874286860980644
94,200308,-1.5175089444386192,0.02237769214357327,-1.0024384012295349,-2.305426584830282,-1.8977409801547056,-2.4980670672625007,-1.3979160440869742,-5.1752534689730485,-2.646000547009554,-2.723461771067416,-1.495952826628797
95,200309,-1.4820346918813314,-1.9930137560550394,-0.26000958743467895,-0.4034784180075565,-1.2704907180248837,1.6445039475953003,0.8788487161299231,1.1327306021251782,-0.8744800257489005,0.9716374690729884,2.0836721609543196
96,200310,-0.08452732498306958,-2.513016712001082,-4.49302061160025,-2.3586637039891585,-2.1209240885612073,-6.130130299909658,-3.5071786414794324,-1.6932119801277983,-2.712031771527438,-1.4387108818706151,-1.7541835568875457
97,200311,-0.7441131121949045,-5.992615399553204,-1.9210744650975387,-2.907053446561773,-1.6233892824808644,-1.340245533321718,-1.1773029514849802,-3.0287879283722203,-0.6898057604996406,-3.324246483869315,-3.05013337167441
98,200312,-2.054680788543299,0.09379587691264485,2.45422648937369,2.9851063422152366,-0.15325208621282607,-1.1626160988227157,4.204707806551488,2.7757571643714822,1.4825658527859558,3.4400714527460923,5.124752241289391
99,200402,1.0679354543822352,0.779669436214412,-0.44181643510810714,1.3522719257573863,0.1763228884920719,-0.2526000690823943,-1.427226216936294,-1.2257417810193285,0.34271578883857046,-1.8851393978993598,-3.323074852281595
100,200403,-4.473044141351731,-3.5530787456683295,-2.0637517343413596,-1.0155477060735811,-0.533568529295486,-2.5637290171751324,-0.03907288460293035,0.1898420830224633,-0.4514670976195214,-1.4401881187660188,2.6628560225857116
101,200404,5.26204008755645,0.6838869587099102,1.5173770010309746,1.5017713392607366,-1.9334946145944714,1.6775575558154738,3.211802721628683,-0.05264092176701285,-1.3378878568981158,1.2822726204052604,-4.34976746715119
102,200405,-0.38576231359735946,-1.0876006602736545,-0.7550835728097602,-0.5784227235780188,-0.826617874024796,-0.27026710019152284,0.7483624428517106,-0.5676916588632186,1.30056229271909,0.43815035425371557,0.533912667851075
103,200406,-3.8839073246972227,-4.196222101721391,-1.8324946754768858,-1.6366051478111967,-1.4647683654647308,-3.602545442641765,-2.4926799974262868,-0.1968118644021482,-0.5603878532639168,-1.3388596645976105,2.295047660099612
104,200407,0.6649924738446308,5.093224580329288,2.447861465358097,2.7488006302842947,1.3505695558795403,3.2001530660500563,2.5443571779482674,5.73633525543484,3.113398648329547,1.4359872192893572,0.5009947454447264
105,200408,-0.023556027189178708,1.8051018089716377,1.1587695686860027,-1.7840974695566656,1.7584559963007713,0.9206824702916565,1.3472269129939258,1.410245144854438,0.8639115302366209,0.3047531373345494,0.03830916452372812
106,200409,-3.669836048808915,-3.9847925045095334,-2.9711906507712493,-4.132693518456056,-2.1203957402081444,-1.6258960945161733,-3.214291582520566,-2.9927503479812008,-0.8027089525011935,-1.4567382621113993,1.9130977866975154
107,200410,0.07857933605337969,-1.2796194337260192,0.12380203114913352,-0.9928599048585218,0.9401780872649286,-1.2703156094974428,-0.758830011188545,-0.49941588684871435,-4.454229267913892,-0.17831602318985001,-0.5468953592432297
108,200411,-2.490398049662445,-5.477980495183787,-5.274816264415947,-5.835424783242088,-4.086306152298998,-3.7073322797415247,-3.7414668707885994,-6.8923171085137005,-2.3029428237602603,-1.137503526815205,1.0428945228472402
109,200412,-0.6907860734133537,-0.4411911743728063,-0.4740770082113205,-1.8815733851952696,-0.29852501100515966,0.15595442979627505,-1.5118422643295373,-0.5390051907793159,-0.4996295309384483,0.3730148883977968,0.7738009618111503
110,200502,-0.8281889232774939,0.05377346732994637,-0.27925150787877,-2.397055825700558,-0.4770065064266191,0.432296102836687,-0.9514178615092486,4.363141163212087,0.8713523878511653,-1.4350199193420343,-0.9468309960645405
111,200503,-0.46626053723409777,1.3750973620375722,-0.28655574348870083,0.8926794579992295,0.11928352580413915,-0.7510907513250491,-0.40214756124469914,1.7761897251088143,-0.005968429223109029,-0.00894906430156267,0.05731147293253508
112,200504,1.9646750338329473,2.1017981908800123,2.47734696393435,0.7438416474211943,4.236352964746913,2.697458905516999,0.34538377399678466,5.5153927292775045,4.2250563725832215,4.688132419242443,2.3534573854094956
113,200505,-2.8480399241021783,-1.8021793709255962,-2.7242672106449346,-1.954412165732851,-3.763583986233235,-5.082442197923153,-3.579286278559119,-2.174348012475338,-2.3248779828543222,-1.99229325043426,0.48574667366791824
114,200506,-0.8488030117063876,-3.933112514148117,-2.3895293808608913,-5.177651614331854,-3.172102210759834,-5.910823558234979,-5.294425613812743,-2.4357035925002912,-3.076783549319177,-4.6880405669690886,-4.279237555262701
115,200507,-1.6108070925134077,-0.6747261603113066,-6.095895249665724,-2.9246885063947667,-2.4137566850401306,-1.1531613448252915,-0.9631029796930168,-3.457857950519731,-1.8446725183463888,-4.101400125550608,-2.9005930330372007
116,200508,-0.23583233316245833,0.8306971715182117,0.21228610160877853,0.35938207772301484,0.026157298859431077,0.20599958681475744,1.3804216741969704,-1.6761500679904,-1.9536942194486215,0.022335316614884915,-0.20183235022265678
117,200509,0.006095409542677621,0.6560457712908356,0.38899614651211833,0.24110737487152833,-0.8432542777107004,-0.42583082619435797,-0.6326295325488863,-0.9338817304302303,-0.7832533617621626,0.6375422200716643,0.11144681052898664
118,200510,-1.1807633619293716,-0.2551317060166529,1.3140051717934278,0.9333561796834902,3.354924258287509,0.5947264777502945,0.6313476314685145,0.26564868631197636,-0.6911948373184278,0.8474329699115815,1.5181963318409533
119,200511,-1.5034931356201917,-1.3582642317462432,-0.9484009853509539,-0.9086718234074961,-2.2180672650351303,-1.2026531288300213,-2.4038384938790163,0.18551751410758988,-0.9235103599083144,-0.404969948027169,0.5885231875930226
120,200512,-0.06269722749357554,-1.50931593344218,-1.8330887249829466,-0.1920730157118823,-3.1299015846324596,-1.5776899247216853,-0.018030648989380005,-0.5717532933189828,0.8680007138992346,-0.16839928500506596,-0.7457020575114904
121,200602,-0.8411262899678182,-0.35583261926233606,-0.43693047576035715,-1.5858467185678946,-0.21832411084548559,-0.032467960119240136,0.35332968261942166,-0.03871567023705713,-0.2539323935815395,-0.2642757532635232,-0.12314946329570486
122,200603,-3.248133874918085,-3.971049997067866,-2.418527503732125,-3.555083725877116,-2.301799632295582,-0.80951191173451,-2.9274425118214245,-1.3293832974026651,-1.847605346243463,-2.1419398277237476,0.42619404719433696
123,200604,1.2019480591678509,0.0637737606373725,0.7937239851240504,-0.1191837189165258,0.5608805183302067,-0.4363852858030519,0.19308844031390426,-1.938106812907046,-0.30762890578137964,0.8249240656823836,-1.027023993485467
124,200605,-0.28249974759747565,0.18143502194026617,0.5042481757407795,1.8653438469254846,0.5707186865914264,0.9245472645037529,3.3280930660470482,0.7908418951919338,0.7540609084544918,0.03541558196004413,-0.24208467044248028
125,200606,0.2565281890265979,0.07080649013916329,-0.4813793210257242,-0.0488786899771515,-1.4589328907218837,-1.7197310794681728,-0.35358045513433406,-1.307088025236615,0.31836528100589,-1.2849771081833041,-2.181505297209902
126,200607,2.9826466528808373,0.18875122626200458,0.5606124781950325,2.3590889700306925,0.8627672347406891,5.685560781693312,5.0552963402326085,2.904932877638568,2.334099549227474,1.6548123840763416,-1.9578342688044956
127,200608,-3.160311527978617,-1.3680074431786196,0.5822602984722994,-1.4003679983063946,-2.412098354441194,-0.8573668334289988,-1.2118808663428502,-1.7118373010623777,1.2559756920271186,-0.013970028806204127,2.5663414991724127
128,200609,0.012394777019500869,-0.40217931334011964,0.7373565482128817,-0.2631507997628469,0.37878562662927195,-0.2855352179478487,3.3561486562771545,0.8416680250521988,1.183290264080246,0.22706553784263284,-0.3453292391768681
129,200610,-2.3951249502685084,-2.1968431799474697,-4.156865817477907,-1.421639735652135,-1.5319914967891695,-1.8830987208091774,-4.828239056182045,-2.7843111667426186,-1.9119774206869011,-1.0767677877759434,0.5683571624925652
130,200611,-1.4004966389131357,-2.619300558563178,-1.5441095179819413,0.17727776778591486,-2.0730215927909414,1.0400412674364894,-2.9637907775534984,-1.334383965497062,-3.0712816007503023,-1.2775895834345876,-0.6270929445214519
131,200612,0.477183567153629,0.10352836319636372,0.7349033707031466,1.3439700516379913,1.2776395117991326,-1.7528126102615431,-0.7597547115429266,1.212923608335712,-0.6375346366566305,-1.1959664418761635,-2.2731500090297923
132,200702,-2.396643344991203,-3.271747424729404,-1.744311580331294,-1.6388826071214422,-1.8522740608345223,-0.848256404981115,-2.421054769337885,-0.8671336010401075,-1.9988071088214094,-0.5430131897430628,1.1536301552481398
133,200703,0.5419096428605837,-0.6070366047781588,-0.872079576729287,-0.5328760304769277,-0.2130640743170495,-0.605741135982854,1.8579265608915696,-3.1325519757768006,-1.3440160229146567,-0.3173675675236246,-1.4592772103842084
134,200704,-1.1723165088340028,-0.0596638363029679,1.397887582882397,0.03769756695230253,1.2263372416986327,1.4241334472443343,0.25402685827801563,1.5062109916279551,3.5248936749250377,-0.25245745033100697,0.10985905850299582
135,200705,1.7877936276905906,0.05153153717404979,-0.1366291722964006,-0.5833128004606031,-1.2927087823927264,-0.7504536829088616,-1.397620835257293,0.024046707862639294,-2.1959741637266403,-0.40000811671248165,-2.6978017444030726
136,200706,-1.2913935657628497,-1.0874025965117813,-0.242620386345214,-0.09835991653323245,-1.6496334271899107,-0.06965546880970197,-1.558054043647335,-1.8391070596293937,-2.673593047303277,-1.4008386161702346,-0.6494450504073849
137,200707,0.1044157544793497,2.558021586692906,1.772474621957903,2.540825129375337,4.6377174629444795,2.605492557030148,4.818452356917749,-0.8708391440444989,1.4608264451011796,-1.6796436725417672,-2.484059427021117
138,200708,-1.7600016714706097,-1.3684221672759622,0.4438203349090052,-0.6939691521276572,-1.4252861017658642,-0.805013791079094,1.500444966657473,0.4329745556724879,2.4821705593464682,-1.0020733958158314,0.17792827565477853
139,200709,1.359549237871791,0.959501001932076,2.123607016360914,2.434883570077173,1.0624452580775587,-1.680296920767993,1.4980385436205876,-0.20752065655435648,0.6451253901543701,-0.37080186881898064,-2.1603511066907717
140,200710,-0.5588603805591605,-2.0030919453741336,0.2679563143106481,0.25140361896941726,0.7942519152985277,-2.4360811722028792,-2.3353361071971555,-0.1519751448023483,-2.7805985660507475,1.4866251755737168,1.6354855561328774
141,200711,2.323129069536877,2.1190000480770466,-0.27514496880835426,1.5291819295055342,0.7856886078455301,2.7559063950710825,4.3837844253327285,3.8568569628843776,3.037844093536404,2.8043011641564837,0.04117209461960675
142,200712,-0.6487230301880634,6.193863028066383,0.11429534002567426,-1.1081015469827236,0.22787846090372316,-2.384302248359553,-0.18183136069734224,-2.8178469038516685,-0.21250504672347875,-1.0339205671121203,-0.825197536924057
143,200802,-0.4431088476972307,-0.8395659170132872,0.8727617300844075,0.6765479247474504,1.1522450075450736,0.4883405734278647,1.9767447301220515,-1.4068862391048642,1.08201008022408,2.4242674525188845,2.457376300216115
144,200803,-1.0142717406546935,0.13417961061106887,-1.4028461235903085,0.10456088694880228,3.569544978317333,-0.2644124308094107,-4.585513630403822,-2.744360340655626,2.9142449863443307,0.9608762905428867,1.4951480311975804
145,200804,2.055779724296157,-1.0003815886454759,-0.7587415794699761,2.171833923384174,-3.9215284285593137,1.0290056914093832,-0.3847360483005625,0.4789407101834754,1.6661377096727263,-3.976297673155208,-6.512077397451366
146,200805,-5.8483102315555096,-1.5501044809557891,-3.2208111308155205,-2.538688102388412,-0.3212378570829396,-2.047376025023283,-0.8409767862921425,-0.04024096357306467,-6.5462058389946,-2.744166056924972,2.574144174630537
147,200806,2.657693374928151,-1.0786643917230885,0.41632007246136515,-3.4433737569322,3.4307353330417167,2.3846620954176814,-1.0881041646722367,-0.5860047340103904,-2.6237879932646107,-0.3593138322364034,-3.5770072071645544
148,200807,-5.979838032852395,-2.376701082396851,-9.124014457902756,-1.7084962901622167,-1.756729992558124,-3.8822656683427046,-1.7151150424981354,-2.9415929304477446,-1.8323546018023282,-2.8955481320032064,2.674289900849188
149,200808,-4.661839411626014,-2.778034455675097,-3.5057073727195602,-1.0934626834975776,-0.6966575108596014,-1.0155339654296587,-1.8709909413810775,-1.501274205035388,-2.1072214709418917,0.42102600182992456,4.602865413455939
150,200809,-4.147780563693715,3.3790383086023352,2.574309152742628,1.7850516561691647,0.8606301442769024,-2.225594207911338,4.9413007064088355,0.19024154827635698,1.446427984056842,5.7815569987748,9.459337562468514
151,200810,-1.2497903160786885,2.0205353747676904,1.8463076762031891,8.719585874215635,3.075627345783132,0.9263763120571371,8.128830279801342,10.88644404301891,3.439276186669628,8.546284762278205,9.456075078356893
152,200811,-5.145836371459754,2.4727641171326606,3.501450646724934,6.510927919154966,6.066217262175941,1.4220890603022944,4.203396190038254,8.059374259630001,2.9280352550260558,6.4113429322593625,11.157179303719117
153,200812,-7.69743369829918,-6.48336530889534,-4.6632848217827805,-1.846448147382863,-10.020160142013209,-2.565222574115067,-1.100358594309676,-3.5681709723879322,-4.511307477452063,-0.9486121148586684,6.3288215834405115
154,200902,2.6704940110077806,-1.2145771149547584,1.6923769304501843,-0.9707035616264641,2.297243664225409,3.1398173626496644,0.9306304444823611,-4.362411657504405,1.1442099224790336,-1.9191957165492441,-4.959689727557025
155,200903,-6.396763711336126,-2.8643067065037484,1.9655936630991475,-7.75022470177401,-1.9338132288215524,-2.7794678395926535,-2.081268936991482,-4.084647596481812,-1.0486017325024601,-2.2047510600886304,3.762012651247496
156,200904,-26.758383347854032,-8.908057271542226,-8.766945984925167,-6.194052275845735,-11.400529045239304,-5.012163467307678,-4.921914771194401,-22.215919184301253,-13.157815392444986,-3.204719160988035,23.083664186866
157,200905,-0.061127573251159695,1.8901711908692747,-1.7359086512474098,0.24950289004888832,-3.450957470313396,-2.204967169903727,-3.444105339743019,-0.8095825301476345,-3.888074260917117,3.165648406157856,2.8067759794090157
158,200906,-3.0482806984227104,-2.165518362701966,-1.5193009972662859,-2.383519183329517,-3.403251278668452,-4.667842348278259,-2.36535828128647,0.5290902141646701,-0.448462676873974,-1.5554147787714472,1.0528659196512633
159,200907,-1.3452287609190654,-0.9392977617172553,-0.12538662488716373,0.9762231486006252,-3.64082064583883,0.19008690024131286,-0.6976307868787652,-7.074318455974081,-1.5163354240396703,-1.2295454135203507,-0.2943166526012852
160,200908,0.5958712811381635,-1.9504758881295774,-0.7004156610483532,1.507467604603792,1.0877391975520774,1.4064011120354176,-1.1683620284183331,0.6202125963588007,2.0902786152425477,-1.4580837929221344,-2.4539550740602976
161,200909,-2.7813293530035716,-1.7176641758241291,-0.17795901034748643,-1.9085685094663338,-3.3748650867580996,-3.777887634910124,-3.907169120733585,-1.058645063469469,-6.9231737583546975,-4.96291225817089,-2.581582905167318
162,200910,-0.512889439569422,0.6428796970737013,-3.5475412397055894,4.048216285360017,0.42518403477240196,4.849607862549284,8.133045172427684,3.6306370959183165,4.578339574306683,5.636433726153697,5.789323165723119
163,200911,0.20710897207470502,2.774524747408282,1.4507882305671487,3.26508182505327,0.41755894663270254,-0.05949427366367488,3.874693838157317,4.374756983566673,2.9632527781902165,1.2303888745427431,0.6732799024680381
164,200912,-2.1578377033905802,-3.7866250287233947,-6.975145303014414,-3.6517006507490932,-3.509003930669002,-3.8250831706807493,-5.617439320750671,-7.656579914353676,-4.732088550411793,-5.642445559798158,-3.864607856407578
165,201002,-3.6313835435817063,-0.05347282142430354,-1.503661752913938,-3.9965999859333676,-1.3527793149886675,0.5331588307240819,-1.558324682518489,-1.4802321414149344,-1.0356902822041398,-0.45930378543267797,2.7920797581490286
166,201003,-2.3828184890929287,-0.1671946651131741,-1.267020488268059,-1.2456849255647686,-2.909754783786278,-4.912268461598192,-0.6074523328427617,-1.3653355147027262,-2.0667119055472787,-2.560156507168945,-0.5473380180760165
167,201004,-0.4895651073163535,-2.5047819838977876,-2.5903682868767888,-2.3523753206045837,-1.7249646932869291,-1.6184770414386418,-4.462160873415378,-1.0261385389026572,-5.947189435011621,-3.5022240402586022,-3.4126589329422488
168,201005,-0.4860224313100855,-2.0311413829780247,-1.9078331229317562,-1.0286548046175974,0.14788960778724297,-0.6814040849720291,-0.42645225397820774,-0.8286332275652666,-0.6685327794025813,0.45462558573821604,0.5206480170483017
169,201006,0.40899160139249974,0.41257918487581485,-1.0857480365982242,1.3876838680228496,1.4108626476149455,-0.7546593369993471,1.7425693476553046,3.3094280856850764,-0.6622167296392086,1.5601663647628303,0.7111747633703307
170,201007,-0.34681618298284184,-1.7325297677319336,-1.7649087577592393,1.0547610882074367,-1.966926724528708,-0.35998616203174116,-1.4044298985412678,3.8030388974943956,-0.6378563551991003,-1.5417373177536233,-1.6249211347707815
171,201008,-0.046175757046972965,0.9403724761061292,2.7343154201576283,1.97704746728828,0.3678198272551837,-0.96116194415987,-0.6568447889792817,-0.1881657334707444,8.992684745038918,1.110334399908422,0.6665101569553951
172,201009,-2.2978035262401164,-2.036730886319189,-2.7958054938540147,-5.969962811569302,-4.942549464260436,-2.244904070653444,-5.013107990942086,-2.294917470833103,-1.7270491829917523,-1.9348782597059124,-0.13707473346579602
173,201010,-0.7537961916914085,1.4879791174800214,-0.26001227953821293,-1.537508869480673,-0.5372483051937655,-0.14165601408017064,-1.52740097340577,-4.3019579287142236,-0.6323997095887568,-0.10129516124421012,0.16250103044719844
174,201011,-0.3401840607702947,-0.581739185224457,-1.4663533202647852,-0.44614443577989304,-2.0545867898045493,-2.8852892056164965,-4.913144388593784,-3.1420126380619413,-5.479458514668061,-2.5825583126109866,-2.7323742518406915
175,201012,-0.47879255963590717,-3.989444136203436,-1.6996810920250616,-0.742562856675568,-0.484648112028026,-0.12461730906036633,-2.505351577338319,-3.2897051237789467,-1.7760965843355159,1.040497192124517,1.059289751760424
176,201102,-0.22076349357921032,0.032011818896848676,-0.9453504171543283,-0.9021288208835875,-1.3865002005367835,-2.295162146002124,-0.6297582636671163,-2.6915781258037796,-2.280260198469917,-5.11663311290514,-5.42586961932593
177,201103,-1.7102754998881122,-0.05566485326298254,-3.436222842115583,-1.214157485111881,-2.8581995577735695,-0.6235206608199312,-1.490763832290508,-2.764178028602209,-2.9186179093490243,-3.2865471475071244,-2.116271647619012
178,201104,-0.17163305399226358,-0.2316728774824311,-0.6544164429570493,-1.1571954553066557,-1.223289922074291,-0.34906027128475436,0.9619909590306956,-0.8287663308340412,-0.008184271801405574,-0.10152278197975911,-0.43988972798749554
179,201105,-1.1136360590489822,-2.847446835589849,1.7748545169347674,-0.3032326195088702,-0.8177174151613291,-0.015340644712419693,0.12350296331513944,-0.23673185784863082,1.03019164294933,1.1250032731187811,1.698639332167763
180,201106,-1.7076339257167559,-0.9246359264699555,-0.7095899380787968,-0.3660563515587544,-0.5635538042434796,-1.8205693762066772,-0.5676288138135924,-0.19661100342007437,0.27107705343893573,0.3106970260783234,1.4583309517950793
181,201107,-0.8624174471336123,0.27202317886812866,-0.9029607736485157,-0.5824095829070479,-0.43451245910623937,-1.2131109732708327,0.9988989786089961,0.49616327737372634,4.390084661321437,0.1386868437614267,0.4411042908950389
182,201108,-2.5894512885823904,-0.4668272780475071,0.0863782114612347,3.301686035766327,1.3901381359022045,-1.0784596686266723,2.088753645844853,4.731889455590051,4.25729929748363,5.667181473355942,7.6366327619383325
183,201109,-3.785464856345271,-3.830846845952443,0.6255448193669625,-0.5469320651911092,0.2676418410935303,2.3072588571131303,6.247755880864207,3.986284692758987,5.134287868100002,3.957688713387801,7.063153569733072
184,201110,-3.734409506074604,-3.193259045439551,-1.8662709445773957,-2.832190248616957,-2.9067032935890698,-3.820639492475755,0.37436997425969887,-5.41629445552089,-9.015125132125654,-11.806988479746188,-8.772578973671585
185,201111,0.16483498690945242,-1.0682706269181392,-1.4188849260758662,0.18028569002010475,-0.6478068279953262,0.17159953208424772,-1.6994880125344258,-0.17553052428141025,2.389897162118321,1.6755742010512293,0.7307392141417768
186,201112,-0.6555012349774297,-0.7462044201338871,0.37198479834670306,-1.0442975860811994,-0.17643264594408536,0.2066974041344749,2.544695843300276,-0.8642169326137934,2.368048175208167,0.7025574074328584,0.5880586424102883
187,201202,-0.5720568402796133,-1.3204960975726703,-0.11499152932432721,0.3514581237350707,-0.6160765475531869,-0.7050304791946969,-1.7406107450665298,1.7950557816068264,-1.6176533489279343,-0.14471924489555932,-0.302662404615946
188,201203,-0.6053930866816227,-3.0259910987635927,-2.5304375656856104,-0.7331968342105861,-0.1477746280139317,-1.0222915785601656,1.0575617460561124,0.15713108592728886,2.9243483922246356,0.10383791345865556,-0.10076899985972176
189,201204,-1.4807434396986965,-0.6090855928408648,0.1533907121739112,-0.22116625878019147,-4.196635615481584,-0.5265604200381259,1.5755310995685547,1.686401045825012,0.8214100097735608,0.08182925006539632,0.7625726897640928
190,201205,-2.4019461036449217,-0.04857991757502289,-0.5131082272164069,-0.38760805767845014,-0.34075676812674893,1.585584836042906,2.923330299190154,-1.7786747642252116,2.4730070839481533,4.61558545874866,6.197531562393581
191,201206,-0.4177004888322107,-1.95915658953718,-0.8467224144627322,-2.0838700077060146,-2.503121126528346,-1.1760596162224866,-0.7507865789058633,-0.9237084504344967,-2.114236439257218,-0.501561770673955,-0.8938612818417443
192,201207,-0.5527244209992552,0.1272559786674049,0.04820994117419364,-0.27297702466319484,2.5459437531999862,1.2413404278021276,-0.12106231621202068,1.8091116667699345,3.1534180528164377,3.338221123624114,3.120945544623369
193,201208,-1.4486708464831184,-2.060740709705476,-1.940251692631096,-0.8244955179965371,-1.7615140363981583,-3.3066401812996356,-0.17599151278121272,-4.45199014655763,-2.320208651489672,-0.8773422694486848,-0.1986714229655664
194,201209,-1.190690766665678,-0.004583712452161159,-1.5402393441285551,-1.5451745749185317,-1.3256359011252434,-0.9297073057061293,-2.0811813076234253,-2.72005569562283,-1.063214802339361,-2.4470640796089267,-2.0863733129432482
195,201210,0.1272914331855265,-1.286576943769182,1.4876630291157569,0.1628114080531483,0.6446148896649692,0.5109376254062948,0.06111009297016978,-0.8929297744788285,-2.778481690276791,0.6800460316180054,-0.3172454015675211
196,201211,-3.11261385170528,-1.2113055482669943,-1.8065252144102528,-2.3534161205340265,-3.6884287561731846,-0.616269237575549,-1.1218714431509296,-0.8228383316869524,-3.0984636440953466,-0.8855770191640179,1.2370368325412622
197,201212,-1.3045964790383646,-1.9190610819697516,-1.9908694833086729,-2.2298726009906176,-1.7997594174528453,-3.258396271193173,-3.2457324847722475,-4.667553147679822,-2.3676927749171015,-2.3255988803758956,-1.971002401337531
198,201302,-0.5295180475543695,-0.46673165119208865,0.566290630566185,-0.9649465742624481,-0.3945507564241528,-1.1402677443009355,1.0430397932061042,1.5036674563048724,-0.7222288843593065,0.10777629476136741,-0.16270565768426315
199,201303,0.5372036989178143,-0.42127223470350406,-2.3808929653575674,-1.012735792313504,-1.342744807474303,-2.3026860771973587,-0.4033567588720746,-2.143463289905283,-1.7691972216401255,-1.0304873498622087,-2.457691048780023
200,201304,-0.8942477661024744,0.13777030133181833,-0.851840623322743,1.7862445540801377,0.0871579453581044,-1.7580897041741625,-0.5541133534560037,1.57159087040472,3.8488897665955966,0.6045012277596267,0.28874899386210107
201,201305,-0.7218384586194564,-1.513192576363294,-3.5492707844128093,-4.364223638289387,-3.8863934443098413,-1.3773225931008612,-4.794527576074118,-5.121566295869059,-3.8772708860931644,-0.5098090227143116,-1.0479705640948551
202,201306,-1.3323942247353102,-1.2444997632899855,-2.676310854542999,-1.9871898518745967,-3.4157531853796783,-0.4954757321822931,-1.6131761133492133,-4.059742365471395,-1.8147174286749503,-0.8549395390125322,-0.3325453142772219
203,201307,-1.1272307875584353,-0.5668760842780788,-1.0767686150541738,0.6513534376539968,-1.4831588730709626,-3.7058464185630595,-3.2225792816327528,-1.2500092270274856,-2.8860948965353868,-3.275443773699846,-2.758212986141411
204,201308,-0.8702967515508453,0.7807510334868297,-0.6349895981103261,0.4611754735270449,-0.5106314514436328,2.1934243038654966,-2.040274356200041,-0.9578312010068624,-1.039277606707381,-1.946407601010808,-1.6061108494599627
205,201309,-1.2656212321071656,-2.1099371543665275,-4.626388524839639,-0.5914585672953683,-0.44447780022396377,-2.5659894177862377,-4.800201154988545,-3.0449541522344705,-6.096903064333567,-2.042012610800669,-1.4163913786935032
206,201310,-2.6000534170420098,-0.8109228254850219,2.500162890730627,-1.014228621035033,0.19003419272121513,0.930464172063191,1.5780828307239156,0.028678841827442958,1.5802718627401156,0.6444676693218985,2.4945210863639087
207,201311,-1.2131540794480549,-2.323478933262085,-2.2170030784265147,-1.431577564041338,-1.6840742628746095,-4.178466208467466,-0.9859968334510225,-0.10225939841221154,-1.3378966376427068,-2.0453236755724395,-1.7821695961243849
208,201312,-1.0141539396268195,0.3134617002514233,-0.2989292161135071,-0.9144234478874952,-1.9640476428016225,-0.020287105819931317,-1.790837752880142,-0.50290904053353,-0.7584202811044377,-2.220630549621599,-2.1664766099947794
209,201402,-1.6806440768973507,-1.4801654045986918,-2.871744090275572,-1.8851663161747454,-1.6034304976523532,-0.7483129839029339,-1.4453240270838732,-1.3213160526197747,-0.2265355666919382,-1.1650720809336887,-0.7944280040363381
210,201403,-2.7462128390134977,-0.11619313419634059,-0.02274500136542712,0.2981948265068892,0.2607873050345282,-0.1452885876428699,-1.0487812606509954,0.20449193633082463,1.7676891223119449,-0.07191092164072932,1.6343019173727686
211,201404,-2.098298237790268,0.019967264944740437,-0.0442040762507554,1.5909111397129296,3.899587326689524,3.839006710979721,2.3812512661887846,2.8391726280744054,3.871267645279305,2.5426935126823684,3.5709917504726363
212,201405,-0.9668898961757889,-1.10468757078978,-1.3290616979542293,0.23957863163382798,-1.043163532646274,-1.7719746700111627,-1.4934778964574247,0.3062496060261104,1.5339218452781829,0.7295153547490743,0.4864052509248631
213,201406,-0.6803212023390961,-2.060694723390226,-2.447810978944184,-3.2274332619419623,-4.116472296204397,-5.812515637794899,-4.289217836289017,-5.781129331271431,-2.863693382453112,-3.7720100961185765,-4.17168889377948
214,201407,-1.0715983103563669,-0.3154416503897691,-0.6687662381382128,1.831361484989912,0.7594248540701192,-0.5238975349085631,3.0730534669302467,5.026927293843356,5.336624320192843,5.126428149609881,5.0480264599662465
215,201408,-0.1919878819809464,-1.7709361050585544,-1.1576915271858632,-2.4950497038906825,-3.629882895788921,-2.4016989230033974,-2.5445761718506734,-2.942772207857853,-1.050471847703432,-1.2481819748789498,-2.4061940928980032
216,201409,-1.5435410289804739,-1.5272848347535226,0.4411683055862148,3.558700285219521,1.4100595936098517,4.189153115118533,3.9179213072295296,2.7923148646111793,1.9166437376444885,3.045985258107754,3.349526287088228
217,201410,-2.226629859437091,-3.7757658009661696,-4.763177158332791,-3.578746382193013,-4.5736747772136574,-3.139580252322175,-4.761491329408209,-2.8374647787561873,-2.8876182720217747,-3.626945863827328,-2.6803160043902374
218,201411,-2.8774597472861756,-0.8016148115883874,-0.7003741405427212,0.5533650038413591,2.7081120694787923,0.3862345825439568,0.54652674698021,-0.7258315542878533,2.586883372746664,3.0323624052603657,4.6698221525465415
219,201412,-3.3945726337171207,-2.815896156523819,-2.952450095570422,-2.56082597546958,-6.7559203168324355,-3.0234756073667715,-1.9256752318474635,-1.8891868223913253,-2.531746480298636,-2.242929504670635,-0.05835687095351405
220,201502,-1.0398318234011528,-2.158775989024791,-3.284006023957403,-2.3281124692194153,-3.336990528731998,-2.58496871380313,-3.6387148484328424,-0.918613448243718,-0.6026179445345794,-3.077547931975924,-3.1077161085747713
221,201503,-5.330497541480517,-1.364857224619193,-1.4680088670713616,-2.2677035281552205,-3.2021526875292152,-3.9871377525805034,-2.50420190728701,-2.7202087675913877,-1.6821675764188586,-2.503507726064126,1.9569898154163905
222,201504,-0.0717202863799632,-0.1874941300083317,-0.1388811011295551,-1.7759316231788391,-0.5270891913222254,-1.8027141947984637,0.17363532658510572,2.5574182825601053,1.7866050302996188,2.1730115711395994,1.4447318575195627
223,201505,-1.526409936953668,-1.801443643630528,-0.07988050840061567,-1.4208283688415269,-1.5588069382029448,-1.3860460802156678,-0.586952147123353,-0.37928836290976664,-1.5516046477263807,-1.1689029337247718,-0.5624929967711039
224,201506,-2.5508135261968055,-3.315765353352385,-2.4403742586499027,-2.849161486698013,-3.1573997218352257,-1.6009128763250713,-1.8986152887254515,-4.068706997257484,-4.5183692480631255,-5.082151390672832,-3.5113378644760274
225,201507,-2.7994203124412214,1.0458052818699124,-0.7247583120857323,2.139466713421806,-0.24916802961334383,1.1408563441321897,4.159601580046616,1.27106051251429,1.783245037492593,4.890579915523142,6.560000227964363
226,201508,-0.7077123647253909,-1.1559021160320597,-2.1058045388182993,-1.1977775883358408,-2.655182409724307,0.38924318078712083,-0.5146549082213314,-2.540009894180142,-0.9289843903663301,0.049964080801036204,-0.30232355447357295
227,201509,-1.8700654161732535,-0.8836770467583781,-1.1624657198291468,0.5749647553747244,3.633526028535308,0.2711810357842588,4.0311741935572,3.17629833664489,4.72357438870296,1.5564453419751851,2.4665107581484387
228,201510,-0.29779105787085536,-0.06111584934307257,-1.6633607150544707,-1.7226250367150986,-0.098337099757134,0.46196362016633974,1.72972841331865,2.2157619668901534,0.008062483581858348,-0.5995432746297591,-1.3517522167589038
229,201511,-1.313875663139417,-1.9972007273111538,-1.4807327771928653,-1.501122680830695,-3.2433577134545333,-2.6949487460923343,-3.671070128767907,-4.990567075199024,-2.1250275281472986,-3.2827061456483646,-2.7288304825089478
230,201512,-1.5361904408567075,2.0190958925623415,-0.6624658196421529,1.6684672146076134,1.443141877118447,1.5967456644598494,1.7832189586611562,2.618467062175039,2.6414795396562347,3.6718729462496658,4.698063387106373
231,201602,-1.2307668370416305,-0.20855216330639897,-0.33614803557182815,-3.9192032243510444,-1.710710317865673,1.058934529802888,-2.36926547004134,-2.2587489225146595,-0.8864412390874871,-1.5148975309392234,-0.8741306938975929
232,201603,-3.3623882737068516,-0.2917317807785203,-3.6686091214051366,-2.1687875143509023,-2.0508847866241258,-2.2877217354106905,0.10669429680651843,-1.5250686827119688,-3.0130980399985616,-0.8950263156615004,1.8373619580453515
233,201604,-1.7148975594885023,0.0601393147501017,-1.9744559841840275,-2.8723140642520537,-5.095915094301929,-1.853871997135939,-4.274935419071331,0.05024312487606064,-2.138140509088722,-1.188269994278003,-0.14337243478950068
234,201605,-0.3644653446852311,2.378406595330858,-0.8553416851961945,-0.4641325094188785,-1.555279025315201,-0.2801606110579467,-0.2711099669395028,0.23882959219082056,-0.7974068833758545,-0.9289025545068355,-1.2544372098216043
235,201606,1.9782628393795503,2.282719536218984,0.39855358565262755,2.1239641362657444,0.32573350796763156,-1.7380853493980677,0.8534779815724484,-0.6700013554288418,-0.6096148445885743,-2.0934437933880723,-4.691706632767623
236,201607,-4.5324041427076285,-2.52929330282797,-1.424108950189658,-1.511886538918719,-1.4338203580643842,-2.54546828735764,-0.12087918788467467,-1.8561270285956142,-2.999477737781273,-2.3147151293513715,1.5876890133562571
237,201608,-1.1069356998435411,-2.1235561091011874,-4.711136046213185,-1.5336497336934487,-0.8024424700389456,-1.7486373299069664,-2.456488716773385,-1.8967136428361167,-0.5207627357231221,-1.2145196881264413,-0.8175839882828999
238,201609,0.5851860029528344,-0.7445855849840965,-1.1012912331919553,-1.1313034518321503,-0.790562928577917,-2.186927854327925,-1.1977729100100127,-3.482128103754719,-2.1204730253297956,-1.8153126150730918,-3.090498618025926
239,201610,-1.2209600934967342,0.9202644923654096,-1.0176062775707306,0.8568601655003875,1.393698824961147,1.1355471701768454,0.61866226414585,2.5444119370898948,2.5322182203807397,0.1575332704283262,0.7084933639250605
240,201611,-3.136740594287229,-3.783115249374041,-3.616530847419928,-16.58930849491282,-3.8085538450506027,-5.285393363808562,-11.492763930125768,-5.819683911645327,-3.0723998789783034,-3.9564840558953565,-1.5597434616081272
241,201612,-2.4787811803010333,-1.2511418796743017,0.5500625935646437,-0.814881994215496,1.082762537518026,0.2100377708341521,-0.8541964541790397,-2.291230275319336,-1.2588971448302488,-0.6874395651159745,1.0313416151850587
242,201702,-1.6891457513839852,-0.7732767201922708,0.20475191761097855,0.14160950671530137,0.15970652933227714,-0.1394064501637382,0.2941198411982313,3.7681600829077313,1.959410922902516,0.570073546445649,1.4992192978296341
243,201703,-0.21315136060464335,-0.9812352014144831,-0.7108338072643067,-0.9246419277449839,-1.101227947129586,-1.5777616173154676,-0.2872769845089195,-2.0951880755506878,-2.369023586506546,1.072799948916252,0.5259513095208954
244,201704,-1.2088335240242054,-1.292196759261218,-1.0422298674477295,0.6697840806818149,-1.2360759517420152,0.02540158741599685,0.5978365116858564,-1.3774818147209769,0.06726752887470411,-2.940009229807905,-2.4311757057836996
245,201705,-0.035698173643943454,1.1401186079851846,0.18042311055633298,0.055021462672923294,1.384176195212512,2.179411195455682,1.4145461802412638,3.478792501554087,4.885448793229747,0.9071120837045206,0.21281025734846404
246,201706,-2.993777663386868,-2.4502679770768916,-3.4152408680598274,-2.6273047485879513,-4.046849397278672,-2.4182812709115775,-4.481921260275197,-0.21277508372782172,-3.6071215413632745,-2.474754615794663,-0.24097695240779538
247,201707,-1.397454874209882,4.301351481017286,-0.9794386509086896,0.19651765766776186,-0.2435609924871498,-0.0536268167197087,1.456931384753572,0.023054215888072105,0.8913392317095012,0.34021307472595774,1.0276679489358398
248,201708,0.12112778779785549,-0.2701383767230886,0.4221753006955169,-1.4821483974515823,1.1422973814445794,0.14434607629967067,0.6032237640713392,3.348497692127206,0.4265447248605361,-0.3733489130398287,-1.2244767008376842
249,201709,-1.1478776886530864,-1.1067324605062803,-3.3193698802503953,-3.228869774785305,-5.780723515730113,-3.2976610585592687,-3.930621400217899,-4.89890009199463,-8.083047751310229,-1.9528138058504732,-1.6149361171973868
250,201710,-1.8663546620858604,-0.23645091036397725,0.30959496272716036,-0.2175132732659062,2.62782405353566,0.21651060857250226,1.438451521988137,-2.7582750877213966,3.346034465024208,1.6291849689984665,2.7155396310843267
251,201711,-2.903697000037164,-0.7330026172779912,-1.1809822113385664,-0.9505831638190703,-0.24071230100863383,-2.254060485150717,-0.6348279042369807,-1.0370086796186824,-1.8582558644337628,-0.13626733544999292,2.017429664587171
252,201712,0.6053923110691605,0.44324741085188524,0.0542480286473116,0.1961553796779204,2.4024784340594967,0.546568799500324,-0.9139173047459692,0.7914971535908039,-1.1773453682388129,0.2535347616405238,-1.1718575494286365
253,201802,-0.3836152764647939,-1.0586847921537914,-2.2735499745843897,-0.9994474258910987,-2.483729210896979,-2.1597626008367676,-1.3832304742496084,-2.8738614301922456,1.1337617282308048,-0.3485049066285144,-0.7948896301637205
254,201803,-0.36982865254544284,-3.1278340409125662,-2.2747927039822016,-2.3677035521579306,-4.29810435196659,-2.9925763591928813,-4.23252073438201,-4.021008608605916,-2.7352187497640736,-3.7013496592546926,-4.19152100670925
255,201804,-1.5298093375488322,-1.1441563504955905,-2.606780920875262,-2.196804530277749,-2.2146071899297755,-1.4991583405347721,-2.2133025130603596,2.3088281342437207,-1.5693544768689294,-1.266739549336756,-0.7369302117879237
256,201805,-0.8206995387330281,-0.049813458010767975,-1.4649660548931256,2.9964401604020767,-5.093508016445599,-3.8488678122633226,-5.1112714008386195,-2.107836922353451,-2.1260849166124327,-3.703981113382175,-3.6132815746491467
257,201806,-1.2528009384026655,-2.225006250491645,-0.5203785018959098,-2.2132455049153665,-0.7931183868450822,-2.977541322513368,-0.8003227326189706,-2.0604873886307904,0.12007729386151156,-0.7383775011659134,-0.1255765627632478
258,201807,-1.0745160098378708,-0.7885827780246117,-0.576497458468009,1.9498049836025992,1.420954324868903,1.4830264804349755,3.242459791491501,2.677319092974574,3.4496436233296977,-0.09130768966110969,0.33320832017676116
259,201808,-2.246432287360028,-1.9090890351765748,-1.2947275257016144,-0.9589861111637457,-1.5341013326031234,-0.04509234130239659,-0.029411861266552375,1.822477927897844,-3.608797688485462,-0.4383328837745475,1.2280994035854809
260,201809,-0.09236014858148567,0.5471609522261917,0.19153430686224426,0.21289693295308676,1.03776593801354,1.7595239276019656,5.374766459264593,-0.9714362083834835,1.0599297693420309,2.0265340979708135,1.4988942465522994
261,201810,-0.1106756501070868,-0.6807683525599822,1.5810154129221277,3.1332608762476335,1.5400153777148062,0.06377499769967787,1.6194412713015096,3.7777718923088157,3.4248323876149875,4.191816992536828,3.582492642643915
262,201811,-0.05310134042533465,0.32796591584078416,0.35532895219269,3.361026180325573,2.684099623856359,-1.8324143216505466,0.8696510824879798,-3.0734403592028907,-0.022361404030490695,0.06930632028041706,-0.5375923392942483
263,201812,-0.10940434817974981,1.18332323111378,2.38366650781657,0.5288736629532824,3.513616733927692,3.1745603749426117,4.765260884395364,0.12758422956041426,0.9355063973291837,2.3070726309684346,1.8664769791481841
264,201902,-1.5026561567175962,-0.7940868012457222,0.2712901426062778,-0.9552367972737337,-1.7908750949563328,-3.0532078726332887,-1.265440281122841,-2.347728127099913,-3.335692858074264,-0.8176360916292592,0.06502006508833702
265,201903,-0.371160352710992,6.722111393198894,4.636947270868321,4.158284846528032,2.617163066804384,0.1974096672778326,1.2673570579538553,1.3393382769276108,2.183584590821491,0.03543596293761009,-0.14340368435139794
266,201904,-1.3191792997362222,-0.706165583640512,-0.15316556747825488,-1.9299263471242418,2.7095875220932344,0.4152969354130428,0.4361331320564802,-1.5497692560776009,1.2438687892598184,-1.334124360844299,-0.6149450611080766
267,201905,-0.47787123089624095,-0.43079015370618534,4.342079001697608,2.4050558474750896,1.521099873353537,4.154415629101952,2.3344041637221085,1.8560010232867716,-1.494890837707748,1.4756180885524666,1.3034893194487074
268,201906,-0.9220012309582528,-1.139867907142514,-0.47929844755748996,-2.9801489007344246,-1.9015410505310206,-2.445570605569217,-1.1832337923338458,1.90687104907808,-0.3614215741539303,-1.4671575882920747,-1.155156357333822
269,201907,-1.6496937302702457,-0.14511994585323662,-1.13943657869235,2.6475391014914966,4.094054148196304,1.5999285313860114,0.1655753713763939,-0.9329786816033515,0.2836944847555698,0.737083164735484,1.7367768950057298
270,201908,-1.3451555665769224,-0.573367962263637,1.319915182970708,2.2792391934986687,5.5441226098638285,1.0911945324155827,8.230321202390218,4.09884178996708,4.192826061958058,2.624067010110152,3.4092225766870743
271,201909,-1.0042380302759675,-2.7238329536936856,-3.372590578540694,-1.8985607919512661,-0.6627650117477857,-0.6138316930070732,-1.9086498518328976,-2.164834444330209,1.5626324436909285,-0.8886950693862339,-0.4144570391102666
272,201910,-0.4220403942715506,-0.6592143628968813,-0.29910862325542,-0.6098862121686786,-2.6285845253960165,-1.2408700735721234,-0.001094882324598756,2.996480456825365,-0.2946468259986041,-1.4623355287749007,-1.6402951345033503
273,201911,-0.25090868342297995,-2.0572946188423726,-3.6698513099761763,-1.0807336878904659,0.9953069810104833,-1.9115061667971598,-1.7698013416759764,-1.1664454371147825,-0.7182569240567668,-0.1379742796274196,-0.40706559620443966
274,201912,-0.22420523145344629,-0.9277556294669396,-1.537676670901636,2.2142828228716622,-2.4796461543440222,-0.8576223344200408,-2.2066235231192044,-0.4418303540245194,0.12564163374959714,-1.0809813356785154,-1.3467761042250692
275,202002,0.040846902975835486,0.4699594563574273,0.4113144055505358,0.26858226701830645,1.0434297096951894,-1.178826185154021,-0.7130196314293056,1.2896425087286836,-3.0633539580028293,-1.9347190478149492,-2.495565950790785
276,202003,4.271158592124046,8.824854057004218,7.660238008403228,6.2270905370793095,9.39139534508413,12.404388488823376,9.087306591306085,10.420819541687129,6.5070950209473235,-1.2369176027758924,-6.028076194899938
277,202004,0.271650816945393,-4.224310034943251,-6.478866549730313,-2.754634416338375,-2.8574977666917056,-4.703178670433614,-2.105026384997961,-2.7898992786658643,-3.943443354387052,-1.4886343887675924,-2.2202852057129854
278,202005,1.2339112331220983,-1.183244527355298,-1.0565401726506778,-2.9547549900516294,-0.5118757402125582,-0.17379890954467714,-3.76041643660316,-1.2734487734519815,-1.4033811002081416,-1.2407789400130176,-2.924690173135116
279,202006,-0.5386262713764297,-4.180739427122008,-1.750345995920873,-4.793639353840187,-2.2517891143375888,-2.8461218544372735,-0.26045424706076137,-4.390803288333319,-3.0610394899689,-0.35563453662960587,-0.2770082652531762
280,202007,0.13947983163121125,2.655789884416556,5.904766464341801,2.7765302816955897,1.8276459751000202,1.5057835949255547,0.580550326468331,-1.8296421518949373,3.9964163495326175,-6.044457612287659,-6.5739374439188705
281,202008,0.36644458610852926,-0.9506801021616829,-0.10099946990398667,-0.23398692507955843,1.412349118640777,-0.0032878915061902436,1.2607183115863896,-3.242251238299649,7.335885948756209,-0.14495151820369745,-1.0013961043122266
282,202009,1.0840174106389333,0.00792261644449277,2.0392845161557593,-0.3543065219932787,1.6510594451227347,2.396740496106353,-5.182343174659154,0.016156912972315862,0.5539011950999619,-2.212595832074096,-3.7166132427130294
283,202010,-1.4140642129337342,-1.2723841805712635,-3.5824892686493115,-2.922568774614454,-2.179471843547332,-3.5835672407005976,-2.360512379917121,-6.634336428531789,-1.539696568391938,-5.666099651162321,-4.682035438228587
284,202011,0.7672773718056709,-4.702127340183637,-4.490514685892001,-6.84268888742357,-6.318564418565624,-5.736232827177894,-12.724599764754585,-1.2910106014154912,-4.0165769192573455,-1.985029201928324,-3.222306573733995
285,202012,-0.4114679018835434,-4.715773747540597,-4.57332336824049,-1.3021610059635793,-2.879789919257732,-5.459589001515762,-3.188333152409215,-1.6658727151880983,-4.34768016820235,-3.235628918226455,-3.2641610163429116
286,202102,-4.4526758468367875,-2.163182392749937,-10.618380334756441,-4.123534396011969,-6.8359399548933295,0.2522166413768,-5.254694352422924,-0.5688698552885141,-1.09347620780028,-4.493843167270658,-0.4211673204338703
287,202103,-4.338287600299746,-2.3213860062084533,0.8246814218557952,0.3208462709250861,1.7807208918165331,3.440075916937961,1.794035865232058,4.205407279228961,1.5326961647416946,3.617354754591607,7.475642354891352
288,202104,-0.4180114256077737,3.7938673419452176,0.866248332775492,4.819976056204128,-0.12476277033142102,-0.5211942086348489,1.7894227659621222,-0.3022837960208,-0.9149928710585875,0.22418009647963438,0.18219152208740813
289,202105,-1.239992695993429,-0.35881418419388283,-0.6559674648792081,-0.99445893386327,-1.8842893681685844,1.255385343543498,0.44167106927922684,0.7149582735892799,-0.7992195386254642,0.14380526575641417,0.9137979617498433
290,202106,3.1377891852859414,3.9401022964819754,0.20161838642846702,0.007170035877745395,0.1672455122544178,0.6665896808330889,-1.4460988499397542,-1.7968092282090058,-1.6349719975421415,-2.419386321647182,-6.007175506933124
291,202107,-0.02316913151563904,1.2269186296743224,7.2191145464552635,4.013356105724021,6.962670928243569,11.794838428409395,1.5776531061691172,4.026624614299699,0.7906561069610089,1.3351767333893227,0.7583458649049618
292,202108,1.5716307853665126,0.9415928530741241,-0.9298101751198785,0.9155670748955657,-0.6696798467918372,3.280183220123888,-1.7716922216204587,2.5177471303537264,0.10472778848883368,-0.5310966200299132,-2.452727405396426
293,202109,-2.8544873748024453,-1.817416685272259,-3.968551222404594,-3.5549923288181575,-2.177349297694536,-1.695005902074329,-1.751904351266509,-0.758020120727672,0.5779465210944832,1.1309468171783714,3.5954341919808166
294,202110,4.867102534313834,1.7675704126019118,0.630402683518851,-1.233119063154423,10.282359074357782,3.492403875321205,-0.14733150253037555,0.07486586061282835,-0.30421716551678346,-1.4076448726893251,-6.56474740700316
295,202111,-2.3930056762142837,2.552025841642538,1.9285955283463516,9.180811177578587,4.367460491861252,1.9336235368645371,0.419297687376392,1.1789918019276788,-0.054498994921860444,-0.3512760108460341,1.5817296653682495
296,202112,-3.436736680867504,0.30018733541052084,0.6502674517891409,1.5198403207437472,2.089546775643116,-0.7077619989649413,6.021053147594103,1.792387048380113,3.6734038283677406,0.3480381676355017,3.3447748485030058
